id,created_by,created_date,modified_by,modified_date,version,start_time,end_time,is_reserved,reserved_by,reserved_at
1,behrooz,2025-01-04 19:32:47.000000,behrooz,2025-01-04 19:32:47.000000,0,2024-12-29 09:00:00.000000,2024-12-29 10:00:00.000000,FALSE,,
2,behrooz,2025-01-04 19:32:47.000001,behrooz,2025-01-04 19:32:47.000001,1,2024-12-29 10:00:00.000000,2024-12-29 11:00:00.000000,FALSE,,
3,behrooz,2025-01-04 19:32:47.000002,behrooz,2025-01-04 19:32:47.000002,2,2024-12-29 11:00:00.000000,2024-12-29 12:00:00.000000,FALSE,,
4,behrooz,2025-01-04 19:32:47.000003,behrooz,2025-01-04 19:32:47.000003,3,2024-12-29 12:00:00.000000,2024-12-29 13:00:00.000000,FALSE,,
5,behrooz,2025-01-04 19:32:47.000004,behrooz,2025-01-04 19:32:47.000004,4,2024-12-29 13:00:00.000000,2024-12-29 14:00:00.000000,FALSE,,
6,behrooz,2025-01-04 19:32:47.000005,behrooz,2025-01-04 19:32:47.000005,5,2024-12-29 14:00:00.000000,2024-12-29 15:00:00.000000,FALSE,,
7,behrooz,2025-01-04 19:32:47.000006,behrooz,2025-01-04 19:32:47.000006,6,2024-12-29 15:00:00.000000,2024-12-29 16:00:00.000000,FALSE,,
8,behrooz,2025-01-04 19:32:47.000007,behrooz,2025-01-04 19:32:47.000007,7,2024-12-29 16:00:00.000000,2024-12-30 09:00:00.000000,FALSE,,
9,behrooz,2025-01-04 19:32:47.000008,behrooz,2025-01-04 19:32:47.000008,8,2024-12-30 09:00:00.000000,2024-12-30 10:00:00.000000,FALSE,,
10,behrooz,2025-01-04 19:32:47.000009,behrooz,2025-01-04 19:32:47.000009,9,2024-12-30 10:00:00.000000,2024-12-30 11:00:00.000000,FALSE,,
